"Term 1"	"Term 2"	"Term 3"	"Term 4"	"Term 5"	"Coefficient"	"Standard.Error"	"p.value"	"X95..CI.lower"	"X95..CI.upper"	"Order"	"t1"	"t2"	"part"	"second"
"G339D"	"S371L"	NA	NA	NA	-0.041240500846745	0.0474062876466771	0.384342148245207	-0.250565387818034	0.168084386124544	2	"S371L"	"G339D"	"A"	"Pairwise"
"G339D"	"S373P"	NA	NA	NA	-0.0917234567588536	0.0474096568553489	0.0530372711872472	-0.3010632206433	0.117616307125592	2	"S373P"	"G339D"	"A"	"Pairwise"
"G339D"	"S375F"	NA	NA	NA	-0.115879156430042	0.047410005805864	0.014523868971431	-0.325220461123329	0.0934621482632451	2	"S375F"	"G339D"	"A"	"Pairwise"
"G339D"	"K417N"	NA	NA	NA	0.0226333720360508	0.0474129732928536	0.633104814313163	-0.186721035747766	0.231987779819867	2	"K417N"	"G339D"	"A"	"Pairwise"
"G339D"	"N440K"	NA	NA	NA	-0.0329376965326134	0.0474059835333872	0.487186202478586	-0.242261240676122	0.176385847610895	2	"N440K"	"G339D"	"A"	"Pairwise"
"G339D"	"G446S"	NA	NA	NA	0.029000817917525	0.0474409975774868	0.541004091447677	-0.180477332527961	0.238478968363011	2	"G446S"	"G339D"	"A"	"Pairwise"
"G339D"	"S477N"	NA	NA	NA	-0.0461739045119898	0.0474103343571088	0.330104406286874	-0.255516659940097	0.163168850916117	2	"S477N"	"G339D"	"A"	"Pairwise"
"G339D"	"T478K"	NA	NA	NA	0.0146653384667571	0.0474073545715073	0.757059651507873	-0.194664259565671	0.223994936499186	2	"T478K"	"G339D"	"A"	"Pairwise"
"G339D"	"E484A"	NA	NA	NA	0.00962320608809475	0.0474234866991366	0.839198516890282	-0.199777624178711	0.219024036354901	2	"E484A"	"G339D"	"A"	"Pairwise"
"G339D"	"Q493R"	NA	NA	NA	0.0184193380575974	0.0474058138953921	0.697615015983052	-0.19090345704067	0.227742133155865	2	"Q493R"	"G339D"	"A"	"Pairwise"
"G339D"	"G496S"	NA	NA	NA	0.0150681097389938	0.0474373258221351	0.750758534640821	-0.194393827883001	0.224530047360989	2	"G496S"	"G339D"	"A"	"Pairwise"
"G339D"	"Q498R"	NA	NA	NA	-0.0326633583269222	0.047406503218733	0.49082533366654	-0.241989197167646	0.176662480513802	2	"Q498R"	"G339D"	"A"	"Pairwise"
"G339D"	"N501Y"	NA	NA	NA	-0.0642243998071569	0.0474100547225787	0.17553762388802	-0.273565920494699	0.145117120880385	2	"N501Y"	"G339D"	"A"	"Pairwise"
"G339D"	"Y505H"	NA	NA	NA	0.0106494569859774	0.0474438641862807	0.822397639754382	-0.198841351117207	0.220140265089162	2	"Y505H"	"G339D"	"A"	"Pairwise"
"S371L"	"S373P"	NA	NA	NA	-0.0808560715405418	0.0474060340781854	0.0880924167686822	-0.290179838867191	0.128467695786107	2	"S373P"	"S371L"	"A"	"Pairwise"
"S371L"	"S375F"	NA	NA	NA	0.0550673034664818	0.0474105550796424	0.245449079635952	-0.154276426573258	0.264411033506222	2	"S375F"	"S371L"	"A"	"Pairwise"
"S371L"	"K417N"	NA	NA	NA	-0.0873086183562337	0.0474059574976301	0.065526399376179	-0.296632047537525	0.122014810825058	2	"K417N"	"S371L"	"A"	"Pairwise"
"S371L"	"N440K"	NA	NA	NA	0.0149514877338155	0.0474029621882969	0.752450830428064	-0.194358715505966	0.224261690973597	2	"N440K"	"S371L"	"A"	"Pairwise"
"S371L"	"G446S"	NA	NA	NA	-0.0240134527199203	0.047418171449154	0.612566707640456	-0.233390813228661	0.18536390778882	2	"G446S"	"S371L"	"A"	"Pairwise"
"S371L"	"S477N"	NA	NA	NA	-0.0127987375601519	0.0474027175842924	0.787162196222982	-0.222107860738445	0.196510385618141	2	"S477N"	"S371L"	"A"	"Pairwise"
"S371L"	"T478K"	NA	NA	NA	-0.0536171207128824	0.047403041912368	0.258026847293217	-0.262927675978376	0.155693434552612	2	"T478K"	"S371L"	"A"	"Pairwise"
"S371L"	"E484A"	NA	NA	NA	0.0564429973093714	0.0474166844673566	0.233914490948788	-0.152927797355214	0.265813791973957	2	"E484A"	"S371L"	"A"	"Pairwise"
"S371L"	"Q493R"	NA	NA	NA	-0.0912586006881098	0.0474031259280513	0.0542195397885719	-0.300569526929149	0.118052325552929	2	"Q493R"	"S371L"	"A"	"Pairwise"
"S371L"	"G496S"	NA	NA	NA	0.0232081853235155	0.0474097101630283	0.62447471475681	-0.186131813943715	0.232548184590746	2	"G496S"	"S371L"	"A"	"Pairwise"
"S371L"	"Q498R"	NA	NA	NA	-0.0369125290289432	0.047403015612276	0.436165561534601	-0.246222968165036	0.17239791010715	2	"Q498R"	"S371L"	"A"	"Pairwise"
"S371L"	"N501Y"	NA	NA	NA	-0.0100970844430242	0.047406825791517	0.831337893923314	-0.219424347620369	0.199230178734321	2	"N501Y"	"S371L"	"A"	"Pairwise"
"S371L"	"Y505H"	NA	NA	NA	-0.000905175988223483	0.0474166440188316	0.984769576165216	-0.210275792050279	0.208465440073832	2	"Y505H"	"S371L"	"A"	"Pairwise"
"S373P"	"S375F"	NA	NA	NA	0.0650057308202769	0.047409691674035	0.170339717526817	-0.144334186807858	0.274345648448412	2	"S375F"	"S373P"	"A"	"Pairwise"
"S373P"	"K417N"	NA	NA	NA	-0.0226081441925398	0.0474100270630061	0.63346258162615	-0.231949542747825	0.186733254362745	2	"K417N"	"S373P"	"A"	"Pairwise"
"S373P"	"N440K"	NA	NA	NA	-0.0230093981287256	0.0474066672132601	0.627423358661905	-0.232335961095669	0.186317164838218	2	"N440K"	"S373P"	"A"	"Pairwise"
"S373P"	"G446S"	NA	NA	NA	-0.0159318361089089	0.0474365294486271	0.73698210366871	-0.225390257302961	0.193526585085144	2	"G446S"	"S373P"	"A"	"Pairwise"
"S373P"	"S477N"	NA	NA	NA	0.0128233271508968	0.0474061883012944	0.786778384488289	-0.196501121155775	0.222147775457569	2	"S477N"	"S373P"	"A"	"Pairwise"
"S373P"	"T478K"	NA	NA	NA	-0.0201867028266631	0.0474075906215608	0.670248418173435	-0.229517343150172	0.189143937496845	2	"T478K"	"S373P"	"A"	"Pairwise"
"S373P"	"E484A"	NA	NA	NA	-0.0854656572911281	0.047435841199993	0.0716017833593739	-0.294921039488147	0.12398972490589	2	"E484A"	"S373P"	"A"	"Pairwise"
"S373P"	"Q493R"	NA	NA	NA	-0.00371216650390838	0.0474071389628077	0.937586834683745	-0.2130408125051	0.205616479497283	2	"Q493R"	"S373P"	"A"	"Pairwise"
"S373P"	"G496S"	NA	NA	NA	-0.00206033641595438	0.0474144976743053	0.96534016603015	-0.211421475184012	0.207300802352103	2	"G496S"	"S373P"	"A"	"Pairwise"
"S373P"	"Q498R"	NA	NA	NA	0.0475232173143276	0.0474073808084749	0.316138203298567	-0.161806496568772	0.256852931197428	2	"Q498R"	"S373P"	"A"	"Pairwise"
"S373P"	"N501Y"	NA	NA	NA	0.0344188200705817	0.0474102901324441	0.467858467754734	-0.174923740081257	0.243761380222421	2	"N501Y"	"S373P"	"A"	"Pairwise"
"S373P"	"Y505H"	NA	NA	NA	0.0143556254929665	0.0474369140539031	0.762177452647853	-0.195104493945347	0.22381574493128	2	"Y505H"	"S373P"	"A"	"Pairwise"
"S375F"	"K417N"	NA	NA	NA	-0.0215266583687211	0.0474309818662837	0.649938709152669	-0.23096058392929	0.187907267191848	2	"K417N"	"S375F"	"A"	"Pairwise"
"S375F"	"N440K"	NA	NA	NA	-0.0374700747615879	0.0474073612435027	0.429309609963924	-0.246799702254553	0.171859552731377	2	"N440K"	"S375F"	"A"	"Pairwise"
"S375F"	"G446S"	NA	NA	NA	-0.0501973783121992	0.0474223830884719	0.289829199099522	-0.259593335529688	0.159198578905289	2	"G446S"	"S375F"	"A"	"Pairwise"
"S375F"	"S477N"	NA	NA	NA	0.0349293624997076	0.0474058848422869	0.461241137245686	-0.174393745868201	0.244252470867616	2	"S477N"	"S375F"	"A"	"Pairwise"
"S375F"	"T478K"	NA	NA	NA	-0.0305491542067065	0.0474072550366065	0.519322509125681	-0.239878312737691	0.178780004324278	2	"T478K"	"S375F"	"A"	"Pairwise"
"S375F"	"E484A"	NA	NA	NA	0.102313393291882	0.0474410307336971	0.0310419959116347	-0.107164903556547	0.31179169014031	2	"E484A"	"S375F"	"A"	"Pairwise"
"S375F"	"Q493R"	NA	NA	NA	-0.074863291024309	0.0474070006259375	0.114310490481117	-0.284191326191977	0.134464744143359	2	"Q493R"	"S375F"	"A"	"Pairwise"
"S375F"	"G496S"	NA	NA	NA	0.0492051012615919	0.047413595206761	0.299379353053418	-0.160152052614881	0.258562255138065	2	"G496S"	"S375F"	"A"	"Pairwise"
"S375F"	"Q498R"	NA	NA	NA	0.0475008261090928	0.0474058656372795	0.316350800363659	-0.161822197458124	0.25682384967631	2	"Q498R"	"S375F"	"A"	"Pairwise"
"S375F"	"N501Y"	NA	NA	NA	-0.00343351444510787	0.0474295866514686	0.942290609487061	-0.212861279363324	0.205994250473108	2	"N501Y"	"S375F"	"A"	"Pairwise"
"S375F"	"Y505H"	NA	NA	NA	0.0690716594311206	0.0474217458581551	0.145254756058005	-0.140321484063323	0.278464802925564	2	"Y505H"	"S375F"	"A"	"Pairwise"
"K417N"	"N440K"	NA	NA	NA	-0.00694113639001914	0.0474103317587413	0.883602296470152	-0.216283880344902	0.202401607564864	2	"N440K"	"K417N"	"A"	"Pairwise"
"K417N"	"G446S"	NA	NA	NA	-0.251983848896727	0.0474182230856914	1.08027513486152e-07	-0.461361437409239	-0.0426062603842149	2	"G446S"	"K417N"	"A"	"Pairwise"
"K417N"	"S477N"	NA	NA	NA	0.251043823298475	0.047410139804311	1.19821308831601e-07	0.041701926928194	0.460385719668756	2	"S477N"	"K417N"	"A"	"Pairwise"
"K417N"	"T478K"	NA	NA	NA	-0.0221652762325633	0.0474070000156453	0.64010808125566	-0.231493308705455	0.187162756240328	2	"T478K"	"K417N"	"A"	"Pairwise"
"K417N"	"E484A"	NA	NA	NA	0.125331625417942	0.0474443724671219	0.00825484210229222	-0.0841614270252845	0.334824677861169	2	"E484A"	"K417N"	"A"	"Pairwise"
"K417N"	"Q493R"	NA	NA	NA	-0.126858184799787	0.0474067878738365	0.0074561480905611	-0.336185280549675	0.0824689109501007	2	"Q493R"	"K417N"	"A"	"Pairwise"
"K417N"	"G496S"	NA	NA	NA	-0.0812123103141469	0.0474172900362777	0.0867761122015821	-0.290585778899266	0.128161158270972	2	"G496S"	"K417N"	"A"	"Pairwise"
"K417N"	"Q498R"	NA	NA	NA	-0.104246963123184	0.0474061949558163	0.027885018989315	-0.313571440813238	0.10507751456687	2	"Q498R"	"K417N"	"A"	"Pairwise"
"K417N"	"N501Y"	NA	NA	NA	0.235269838454492	0.0474294677185601	7.0757468755404e-07	0.0258425986906138	0.444697078218369	2	"N501Y"	"K417N"	"A"	"Pairwise"
"K417N"	"Y505H"	NA	NA	NA	-0.022334171888071	0.047425065654457	0.637690117110702	-0.231741974112826	0.187073630336684	2	"Y505H"	"K417N"	"A"	"Pairwise"
"N440K"	"G446S"	NA	NA	NA	-0.0908587306443307	0.0474141045592706	0.0553396284240973	-0.300218133592853	0.118500672304191	2	"G446S"	"N440K"	"A"	"Pairwise"
"N440K"	"S477N"	NA	NA	NA	-0.109122893743174	0.0474024486019113	0.0213396044163824	-0.318430829216011	0.100185041729662	2	"S477N"	"N440K"	"A"	"Pairwise"
"N440K"	"T478K"	NA	NA	NA	-0.0828720681259656	0.0474043545000018	0.0804412613162933	-0.292188419189269	0.126444282937337	2	"T478K"	"N440K"	"A"	"Pairwise"
"N440K"	"E484A"	NA	NA	NA	0.00291729372009009	0.0474174206571073	0.950942606879701	-0.206456751627981	0.212291339068161	2	"E484A"	"N440K"	"A"	"Pairwise"
"N440K"	"Q493R"	NA	NA	NA	0.00124338927002099	0.0474033809151369	0.979074099621718	-0.208068662879532	0.210555441419574	2	"Q493R"	"N440K"	"A"	"Pairwise"
"N440K"	"G496S"	NA	NA	NA	0.0949260158853655	0.0474145069615046	0.0452895014290458	-0.114435163890795	0.304287195661526	2	"G496S"	"N440K"	"A"	"Pairwise"
"N440K"	"Q498R"	NA	NA	NA	-0.0615302035157427	0.0474031441432511	0.194291419226964	-0.270841210186928	0.147780803155443	2	"Q498R"	"N440K"	"A"	"Pairwise"
"N440K"	"N501Y"	NA	NA	NA	-0.0574797203053654	0.0474065604069497	0.225337272923145	-0.266805811663584	0.151846371052853	2	"N501Y"	"N440K"	"A"	"Pairwise"
"N440K"	"Y505H"	NA	NA	NA	0.070232266511852	0.0474170808378824	0.138575373067455	-0.139140278347056	0.27960481137076	2	"Y505H"	"N440K"	"A"	"Pairwise"
"G446S"	"S477N"	NA	NA	NA	0.108336731690517	0.0474125839358293	0.0223215902511493	-0.10101595686745	0.317689420248485	2	"S477N"	"G446S"	"A"	"Pairwise"
"G446S"	"T478K"	NA	NA	NA	0.0434932164419071	0.0474140499528804	0.358990008839647	-0.165865945389307	0.252852378273121	2	"T478K"	"G446S"	"A"	"Pairwise"
"G446S"	"E484A"	NA	NA	NA	0.245133173344694	0.0474737053098773	2.43969501421164e-07	0.0355106002345023	0.454755746454886	2	"E484A"	"G446S"	"A"	"Pairwise"
"G446S"	"Q493R"	NA	NA	NA	0.0429845088548553	0.0474140319612276	0.364637964029012	-0.166374573533296	0.252343591243006	2	"Q493R"	"G446S"	"A"	"Pairwise"
"G446S"	"G496S"	NA	NA	NA	-0.0381776923227907	0.0474689332255306	0.421249721412749	-0.247779194050555	0.171423809404973	2	"G496S"	"G446S"	"A"	"Pairwise"
"G446S"	"Q498R"	NA	NA	NA	-0.237964586613438	0.0474130047159406	5.22689404464584e-07	-0.447319133147501	-0.0286100400793743	2	"Q498R"	"G446S"	"A"	"Pairwise"
"G446S"	"N501Y"	NA	NA	NA	0.0964393156625294	0.0474166970429775	0.0419743556460649	-0.112931534530353	0.305810165855412	2	"N501Y"	"G446S"	"A"	"Pairwise"
"G446S"	"Y505H"	NA	NA	NA	-0.12601425884209	0.0474979057207066	0.00798136906556171	-0.335743690103657	0.083715172419478	2	"Y505H"	"G446S"	"A"	"Pairwise"
"S477N"	"T478K"	NA	NA	NA	0.0419661284764077	0.0474030008004608	0.375999643630095	-0.167344245257358	0.251276502210174	2	"T478K"	"S477N"	"A"	"Pairwise"
"S477N"	"E484A"	NA	NA	NA	-0.0794792771664987	0.0474168389490368	0.0937136911639586	-0.288850753952842	0.129892199619844	2	"E484A"	"S477N"	"A"	"Pairwise"
"S477N"	"Q493R"	NA	NA	NA	0.0640997142954634	0.0474029001178391	0.176312139504581	-0.145210214869038	0.273409643459965	2	"Q493R"	"S477N"	"A"	"Pairwise"
"S477N"	"G496S"	NA	NA	NA	0.293084210212318	0.0474101419192268	6.4219623382622e-10	0.0837423045035181	0.502426115921118	2	"G496S"	"S477N"	"A"	"Pairwise"
"S477N"	"Q498R"	NA	NA	NA	0.0235159820440576	0.047403186112986	0.619838774273222	-0.185795209946638	0.232827174034753	2	"Q498R"	"S477N"	"A"	"Pairwise"
"S477N"	"N501Y"	NA	NA	NA	-0.121906837423826	0.0474063957346515	0.0101302546379879	-0.331232201663092	0.087418526815441	2	"N501Y"	"S477N"	"A"	"Pairwise"
"S477N"	"Y505H"	NA	NA	NA	0.230102314177266	0.0474175282167374	1.22460958479479e-06	0.0207277938941489	0.439476834460383	2	"Y505H"	"S477N"	"A"	"Pairwise"
"T478K"	"E484A"	NA	NA	NA	0.0956978126567766	0.0474138244003385	0.0435641451626202	-0.113660353235656	0.305055978549209	2	"E484A"	"T478K"	"A"	"Pairwise"
"T478K"	"Q493R"	NA	NA	NA	-0.0524006251488929	0.0474033176996801	0.268986755603933	-0.261712398167364	0.156911147869579	2	"Q493R"	"T478K"	"A"	"Pairwise"
"T478K"	"G496S"	NA	NA	NA	-0.0365930501235556	0.0474103399123911	0.440217591466802	-0.245935830081296	0.172749729834185	2	"G496S"	"T478K"	"A"	"Pairwise"
"T478K"	"Q498R"	NA	NA	NA	0.0139089185655332	0.047403678255219	0.769207662939841	-0.195404446504356	0.223222283635422	2	"Q498R"	"T478K"	"A"	"Pairwise"
"T478K"	"N501Y"	NA	NA	NA	0.0474784916673672	0.0474071185627978	0.316591183810767	-0.161850064256537	0.256807047591272	2	"N501Y"	"T478K"	"A"	"Pairwise"
"T478K"	"Y505H"	NA	NA	NA	0.00550921633917567	0.047413769549443	0.907499283618072	-0.203848707356323	0.214867140034675	2	"Y505H"	"T478K"	"A"	"Pairwise"
"E484A"	"Q493R"	NA	NA	NA	-0.17317322421359	0.0474130781869408	0.00026024154254601	-0.382528095162611	0.0361816467354317	2	"Q493R"	"E484A"	"A"	"Pairwise"
"E484A"	"G496S"	NA	NA	NA	0.0314946156468435	0.0474473606857602	0.506836545029389	-0.178011631428567	0.241000862722254	2	"G496S"	"E484A"	"A"	"Pairwise"
"E484A"	"Q498R"	NA	NA	NA	0.0977792442630478	0.0474128629364941	0.0391890624628403	-0.111574676236621	0.307133164762716	2	"Q498R"	"E484A"	"A"	"Pairwise"
"E484A"	"N501Y"	NA	NA	NA	0.0151065724923716	0.0474365449338498	0.750139537446357	-0.194351917077474	0.224565062062217	2	"N501Y"	"E484A"	"A"	"Pairwise"
"E484A"	"Y505H"	NA	NA	NA	0.070100710462907	0.0474804459466073	0.139844593713327	-0.139551626273413	0.279753047199227	2	"Y505H"	"E484A"	"A"	"Pairwise"
"Q493R"	"G496S"	NA	NA	NA	0.0372805532470211	0.0474117340710143	0.431689725076743	-0.172068382689403	0.246629489183445	2	"G496S"	"Q493R"	"A"	"Pairwise"
"Q493R"	"Q498R"	NA	NA	NA	0.0842765806938824	0.0474039218795693	0.0754410941701382	-0.125037860111781	0.293591021499546	2	"Q498R"	"Q493R"	"A"	"Pairwise"
"Q493R"	"N501Y"	NA	NA	NA	0.296833604110539	0.0474069937368098	3.87141147642584e-10	0.0875055993621668	0.506161608858912	2	"N501Y"	"Q493R"	"A"	"Pairwise"
"Q493R"	"Y505H"	NA	NA	NA	-0.116220070738674	0.0474138423460218	0.0142448117687852	-0.325578315871189	0.0931381743938409	2	"Y505H"	"Q493R"	"A"	"Pairwise"
"G496S"	"Q498R"	NA	NA	NA	0.517076082244371	0.0474111457009233	1.22471314885288e-27	0.307729744286167	0.726422420202575	2	"Q498R"	"G496S"	"A"	"Pairwise"
"G496S"	"N501Y"	NA	NA	NA	0.763663889926988	0.0474142496511031	4.23030429501741e-58	0.554303846318062	0.973023933535915	2	"N501Y"	"G496S"	"A"	"Pairwise"
"G496S"	"Y505H"	NA	NA	NA	0.0985165257914926	0.047472019993601	0.0379721243429429	-0.111098605718512	0.308131657301497	2	"Y505H"	"G496S"	"A"	"Pairwise"
"Q498R"	"N501Y"	NA	NA	NA	0.425168794821437	0.0474072721383265	3.1921446393756e-19	0.215839560776934	0.634498028865941	2	"N501Y"	"Q498R"	"A"	"Pairwise"
"Q498R"	"Y505H"	NA	NA	NA	0.514361854882161	0.0474132697502786	2.30077175958978e-27	0.305006138075426	0.723717571688895	2	"Y505H"	"Q498R"	"A"	"Pairwise"
"N501Y"	"Y505H"	NA	NA	NA	0.657051328370122	0.0474167957780551	1.61234389681507e-43	0.447680042207456	0.866422614532788	2	"Y505H"	"N501Y"	"A"	"Pairwise"
"S371L"	"G339D"	NA	NA	NA	-0.041240500846745	0.0474062876466771	0.384342148245207	-0.250565387818034	0.168084386124544	2	"S371L"	"G339D"	"B"	"Pairwise"
"S373P"	"G339D"	NA	NA	NA	-0.0917234567588536	0.0474096568553489	0.0530372711872472	-0.3010632206433	0.117616307125592	2	"S373P"	"G339D"	"B"	"Pairwise"
"S375F"	"G339D"	NA	NA	NA	-0.115879156430042	0.047410005805864	0.014523868971431	-0.325220461123329	0.0934621482632451	2	"S375F"	"G339D"	"B"	"Pairwise"
"K417N"	"G339D"	NA	NA	NA	0.0226333720360508	0.0474129732928536	0.633104814313163	-0.186721035747766	0.231987779819867	2	"K417N"	"G339D"	"B"	"Pairwise"
"N440K"	"G339D"	NA	NA	NA	-0.0329376965326134	0.0474059835333872	0.487186202478586	-0.242261240676122	0.176385847610895	2	"N440K"	"G339D"	"B"	"Pairwise"
"G446S"	"G339D"	NA	NA	NA	0.029000817917525	0.0474409975774868	0.541004091447677	-0.180477332527961	0.238478968363011	2	"G446S"	"G339D"	"B"	"Pairwise"
"S477N"	"G339D"	NA	NA	NA	-0.0461739045119898	0.0474103343571088	0.330104406286874	-0.255516659940097	0.163168850916117	2	"S477N"	"G339D"	"B"	"Pairwise"
"T478K"	"G339D"	NA	NA	NA	0.0146653384667571	0.0474073545715073	0.757059651507873	-0.194664259565671	0.223994936499186	2	"T478K"	"G339D"	"B"	"Pairwise"
"E484A"	"G339D"	NA	NA	NA	0.00962320608809475	0.0474234866991366	0.839198516890282	-0.199777624178711	0.219024036354901	2	"E484A"	"G339D"	"B"	"Pairwise"
"Q493R"	"G339D"	NA	NA	NA	0.0184193380575974	0.0474058138953921	0.697615015983052	-0.19090345704067	0.227742133155865	2	"Q493R"	"G339D"	"B"	"Pairwise"
"G496S"	"G339D"	NA	NA	NA	0.0150681097389938	0.0474373258221351	0.750758534640821	-0.194393827883001	0.224530047360989	2	"G496S"	"G339D"	"B"	"Pairwise"
"Q498R"	"G339D"	NA	NA	NA	-0.0326633583269222	0.047406503218733	0.49082533366654	-0.241989197167646	0.176662480513802	2	"Q498R"	"G339D"	"B"	"Pairwise"
"N501Y"	"G339D"	NA	NA	NA	-0.0642243998071569	0.0474100547225787	0.17553762388802	-0.273565920494699	0.145117120880385	2	"N501Y"	"G339D"	"B"	"Pairwise"
"Y505H"	"G339D"	NA	NA	NA	0.0106494569859774	0.0474438641862807	0.822397639754382	-0.198841351117207	0.220140265089162	2	"Y505H"	"G339D"	"B"	"Pairwise"
"S373P"	"S371L"	NA	NA	NA	-0.0808560715405418	0.0474060340781854	0.0880924167686822	-0.290179838867191	0.128467695786107	2	"S373P"	"S371L"	"B"	"Pairwise"
"S375F"	"S371L"	NA	NA	NA	0.0550673034664818	0.0474105550796424	0.245449079635952	-0.154276426573258	0.264411033506222	2	"S375F"	"S371L"	"B"	"Pairwise"
"K417N"	"S371L"	NA	NA	NA	-0.0873086183562337	0.0474059574976301	0.065526399376179	-0.296632047537525	0.122014810825058	2	"K417N"	"S371L"	"B"	"Pairwise"
"N440K"	"S371L"	NA	NA	NA	0.0149514877338155	0.0474029621882969	0.752450830428064	-0.194358715505966	0.224261690973597	2	"N440K"	"S371L"	"B"	"Pairwise"
"G446S"	"S371L"	NA	NA	NA	-0.0240134527199203	0.047418171449154	0.612566707640456	-0.233390813228661	0.18536390778882	2	"G446S"	"S371L"	"B"	"Pairwise"
"S477N"	"S371L"	NA	NA	NA	-0.0127987375601519	0.0474027175842924	0.787162196222982	-0.222107860738445	0.196510385618141	2	"S477N"	"S371L"	"B"	"Pairwise"
"T478K"	"S371L"	NA	NA	NA	-0.0536171207128824	0.047403041912368	0.258026847293217	-0.262927675978376	0.155693434552612	2	"T478K"	"S371L"	"B"	"Pairwise"
"E484A"	"S371L"	NA	NA	NA	0.0564429973093714	0.0474166844673566	0.233914490948788	-0.152927797355214	0.265813791973957	2	"E484A"	"S371L"	"B"	"Pairwise"
"Q493R"	"S371L"	NA	NA	NA	-0.0912586006881098	0.0474031259280513	0.0542195397885719	-0.300569526929149	0.118052325552929	2	"Q493R"	"S371L"	"B"	"Pairwise"
"G496S"	"S371L"	NA	NA	NA	0.0232081853235155	0.0474097101630283	0.62447471475681	-0.186131813943715	0.232548184590746	2	"G496S"	"S371L"	"B"	"Pairwise"
"Q498R"	"S371L"	NA	NA	NA	-0.0369125290289432	0.047403015612276	0.436165561534601	-0.246222968165036	0.17239791010715	2	"Q498R"	"S371L"	"B"	"Pairwise"
"N501Y"	"S371L"	NA	NA	NA	-0.0100970844430242	0.047406825791517	0.831337893923314	-0.219424347620369	0.199230178734321	2	"N501Y"	"S371L"	"B"	"Pairwise"
"Y505H"	"S371L"	NA	NA	NA	-0.000905175988223483	0.0474166440188316	0.984769576165216	-0.210275792050279	0.208465440073832	2	"Y505H"	"S371L"	"B"	"Pairwise"
"S375F"	"S373P"	NA	NA	NA	0.0650057308202769	0.047409691674035	0.170339717526817	-0.144334186807858	0.274345648448412	2	"S375F"	"S373P"	"B"	"Pairwise"
"K417N"	"S373P"	NA	NA	NA	-0.0226081441925398	0.0474100270630061	0.63346258162615	-0.231949542747825	0.186733254362745	2	"K417N"	"S373P"	"B"	"Pairwise"
"N440K"	"S373P"	NA	NA	NA	-0.0230093981287256	0.0474066672132601	0.627423358661905	-0.232335961095669	0.186317164838218	2	"N440K"	"S373P"	"B"	"Pairwise"
"G446S"	"S373P"	NA	NA	NA	-0.0159318361089089	0.0474365294486271	0.73698210366871	-0.225390257302961	0.193526585085144	2	"G446S"	"S373P"	"B"	"Pairwise"
"S477N"	"S373P"	NA	NA	NA	0.0128233271508968	0.0474061883012944	0.786778384488289	-0.196501121155775	0.222147775457569	2	"S477N"	"S373P"	"B"	"Pairwise"
"T478K"	"S373P"	NA	NA	NA	-0.0201867028266631	0.0474075906215608	0.670248418173435	-0.229517343150172	0.189143937496845	2	"T478K"	"S373P"	"B"	"Pairwise"
"E484A"	"S373P"	NA	NA	NA	-0.0854656572911281	0.047435841199993	0.0716017833593739	-0.294921039488147	0.12398972490589	2	"E484A"	"S373P"	"B"	"Pairwise"
"Q493R"	"S373P"	NA	NA	NA	-0.00371216650390838	0.0474071389628077	0.937586834683745	-0.2130408125051	0.205616479497283	2	"Q493R"	"S373P"	"B"	"Pairwise"
"G496S"	"S373P"	NA	NA	NA	-0.00206033641595438	0.0474144976743053	0.96534016603015	-0.211421475184012	0.207300802352103	2	"G496S"	"S373P"	"B"	"Pairwise"
"Q498R"	"S373P"	NA	NA	NA	0.0475232173143276	0.0474073808084749	0.316138203298567	-0.161806496568772	0.256852931197428	2	"Q498R"	"S373P"	"B"	"Pairwise"
"N501Y"	"S373P"	NA	NA	NA	0.0344188200705817	0.0474102901324441	0.467858467754734	-0.174923740081257	0.243761380222421	2	"N501Y"	"S373P"	"B"	"Pairwise"
"Y505H"	"S373P"	NA	NA	NA	0.0143556254929665	0.0474369140539031	0.762177452647853	-0.195104493945347	0.22381574493128	2	"Y505H"	"S373P"	"B"	"Pairwise"
"K417N"	"S375F"	NA	NA	NA	-0.0215266583687211	0.0474309818662837	0.649938709152669	-0.23096058392929	0.187907267191848	2	"K417N"	"S375F"	"B"	"Pairwise"
"N440K"	"S375F"	NA	NA	NA	-0.0374700747615879	0.0474073612435027	0.429309609963924	-0.246799702254553	0.171859552731377	2	"N440K"	"S375F"	"B"	"Pairwise"
"G446S"	"S375F"	NA	NA	NA	-0.0501973783121992	0.0474223830884719	0.289829199099522	-0.259593335529688	0.159198578905289	2	"G446S"	"S375F"	"B"	"Pairwise"
"S477N"	"S375F"	NA	NA	NA	0.0349293624997076	0.0474058848422869	0.461241137245686	-0.174393745868201	0.244252470867616	2	"S477N"	"S375F"	"B"	"Pairwise"
"T478K"	"S375F"	NA	NA	NA	-0.0305491542067065	0.0474072550366065	0.519322509125681	-0.239878312737691	0.178780004324278	2	"T478K"	"S375F"	"B"	"Pairwise"
"E484A"	"S375F"	NA	NA	NA	0.102313393291882	0.0474410307336971	0.0310419959116347	-0.107164903556547	0.31179169014031	2	"E484A"	"S375F"	"B"	"Pairwise"
"Q493R"	"S375F"	NA	NA	NA	-0.074863291024309	0.0474070006259375	0.114310490481117	-0.284191326191977	0.134464744143359	2	"Q493R"	"S375F"	"B"	"Pairwise"
"G496S"	"S375F"	NA	NA	NA	0.0492051012615919	0.047413595206761	0.299379353053418	-0.160152052614881	0.258562255138065	2	"G496S"	"S375F"	"B"	"Pairwise"
"Q498R"	"S375F"	NA	NA	NA	0.0475008261090928	0.0474058656372795	0.316350800363659	-0.161822197458124	0.25682384967631	2	"Q498R"	"S375F"	"B"	"Pairwise"
"N501Y"	"S375F"	NA	NA	NA	-0.00343351444510787	0.0474295866514686	0.942290609487061	-0.212861279363324	0.205994250473108	2	"N501Y"	"S375F"	"B"	"Pairwise"
"Y505H"	"S375F"	NA	NA	NA	0.0690716594311206	0.0474217458581551	0.145254756058005	-0.140321484063323	0.278464802925564	2	"Y505H"	"S375F"	"B"	"Pairwise"
"N440K"	"K417N"	NA	NA	NA	-0.00694113639001914	0.0474103317587413	0.883602296470152	-0.216283880344902	0.202401607564864	2	"N440K"	"K417N"	"B"	"Pairwise"
"G446S"	"K417N"	NA	NA	NA	-0.251983848896727	0.0474182230856914	1.08027513486152e-07	-0.461361437409239	-0.0426062603842149	2	"G446S"	"K417N"	"B"	"Pairwise"
"S477N"	"K417N"	NA	NA	NA	0.251043823298475	0.047410139804311	1.19821308831601e-07	0.041701926928194	0.460385719668756	2	"S477N"	"K417N"	"B"	"Pairwise"
"T478K"	"K417N"	NA	NA	NA	-0.0221652762325633	0.0474070000156453	0.64010808125566	-0.231493308705455	0.187162756240328	2	"T478K"	"K417N"	"B"	"Pairwise"
"E484A"	"K417N"	NA	NA	NA	0.125331625417942	0.0474443724671219	0.00825484210229222	-0.0841614270252845	0.334824677861169	2	"E484A"	"K417N"	"B"	"Pairwise"
"Q493R"	"K417N"	NA	NA	NA	-0.126858184799787	0.0474067878738365	0.0074561480905611	-0.336185280549675	0.0824689109501007	2	"Q493R"	"K417N"	"B"	"Pairwise"
"G496S"	"K417N"	NA	NA	NA	-0.0812123103141469	0.0474172900362777	0.0867761122015821	-0.290585778899266	0.128161158270972	2	"G496S"	"K417N"	"B"	"Pairwise"
"Q498R"	"K417N"	NA	NA	NA	-0.104246963123184	0.0474061949558163	0.027885018989315	-0.313571440813238	0.10507751456687	2	"Q498R"	"K417N"	"B"	"Pairwise"
"N501Y"	"K417N"	NA	NA	NA	0.235269838454492	0.0474294677185601	7.0757468755404e-07	0.0258425986906138	0.444697078218369	2	"N501Y"	"K417N"	"B"	"Pairwise"
"Y505H"	"K417N"	NA	NA	NA	-0.022334171888071	0.047425065654457	0.637690117110702	-0.231741974112826	0.187073630336684	2	"Y505H"	"K417N"	"B"	"Pairwise"
"G446S"	"N440K"	NA	NA	NA	-0.0908587306443307	0.0474141045592706	0.0553396284240973	-0.300218133592853	0.118500672304191	2	"G446S"	"N440K"	"B"	"Pairwise"
"S477N"	"N440K"	NA	NA	NA	-0.109122893743174	0.0474024486019113	0.0213396044163824	-0.318430829216011	0.100185041729662	2	"S477N"	"N440K"	"B"	"Pairwise"
"T478K"	"N440K"	NA	NA	NA	-0.0828720681259656	0.0474043545000018	0.0804412613162933	-0.292188419189269	0.126444282937337	2	"T478K"	"N440K"	"B"	"Pairwise"
"E484A"	"N440K"	NA	NA	NA	0.00291729372009009	0.0474174206571073	0.950942606879701	-0.206456751627981	0.212291339068161	2	"E484A"	"N440K"	"B"	"Pairwise"
"Q493R"	"N440K"	NA	NA	NA	0.00124338927002099	0.0474033809151369	0.979074099621718	-0.208068662879532	0.210555441419574	2	"Q493R"	"N440K"	"B"	"Pairwise"
"G496S"	"N440K"	NA	NA	NA	0.0949260158853655	0.0474145069615046	0.0452895014290458	-0.114435163890795	0.304287195661526	2	"G496S"	"N440K"	"B"	"Pairwise"
"Q498R"	"N440K"	NA	NA	NA	-0.0615302035157427	0.0474031441432511	0.194291419226964	-0.270841210186928	0.147780803155443	2	"Q498R"	"N440K"	"B"	"Pairwise"
"N501Y"	"N440K"	NA	NA	NA	-0.0574797203053654	0.0474065604069497	0.225337272923145	-0.266805811663584	0.151846371052853	2	"N501Y"	"N440K"	"B"	"Pairwise"
"Y505H"	"N440K"	NA	NA	NA	0.070232266511852	0.0474170808378824	0.138575373067455	-0.139140278347056	0.27960481137076	2	"Y505H"	"N440K"	"B"	"Pairwise"
"S477N"	"G446S"	NA	NA	NA	0.108336731690517	0.0474125839358293	0.0223215902511493	-0.10101595686745	0.317689420248485	2	"S477N"	"G446S"	"B"	"Pairwise"
"T478K"	"G446S"	NA	NA	NA	0.0434932164419071	0.0474140499528804	0.358990008839647	-0.165865945389307	0.252852378273121	2	"T478K"	"G446S"	"B"	"Pairwise"
"E484A"	"G446S"	NA	NA	NA	0.245133173344694	0.0474737053098773	2.43969501421164e-07	0.0355106002345023	0.454755746454886	2	"E484A"	"G446S"	"B"	"Pairwise"
"Q493R"	"G446S"	NA	NA	NA	0.0429845088548553	0.0474140319612276	0.364637964029012	-0.166374573533296	0.252343591243006	2	"Q493R"	"G446S"	"B"	"Pairwise"
"G496S"	"G446S"	NA	NA	NA	-0.0381776923227907	0.0474689332255306	0.421249721412749	-0.247779194050555	0.171423809404973	2	"G496S"	"G446S"	"B"	"Pairwise"
"Q498R"	"G446S"	NA	NA	NA	-0.237964586613438	0.0474130047159406	5.22689404464584e-07	-0.447319133147501	-0.0286100400793743	2	"Q498R"	"G446S"	"B"	"Pairwise"
"N501Y"	"G446S"	NA	NA	NA	0.0964393156625294	0.0474166970429775	0.0419743556460649	-0.112931534530353	0.305810165855412	2	"N501Y"	"G446S"	"B"	"Pairwise"
"Y505H"	"G446S"	NA	NA	NA	-0.12601425884209	0.0474979057207066	0.00798136906556171	-0.335743690103657	0.083715172419478	2	"Y505H"	"G446S"	"B"	"Pairwise"
"T478K"	"S477N"	NA	NA	NA	0.0419661284764077	0.0474030008004608	0.375999643630095	-0.167344245257358	0.251276502210174	2	"T478K"	"S477N"	"B"	"Pairwise"
"E484A"	"S477N"	NA	NA	NA	-0.0794792771664987	0.0474168389490368	0.0937136911639586	-0.288850753952842	0.129892199619844	2	"E484A"	"S477N"	"B"	"Pairwise"
"Q493R"	"S477N"	NA	NA	NA	0.0640997142954634	0.0474029001178391	0.176312139504581	-0.145210214869038	0.273409643459965	2	"Q493R"	"S477N"	"B"	"Pairwise"
"G496S"	"S477N"	NA	NA	NA	0.293084210212318	0.0474101419192268	6.4219623382622e-10	0.0837423045035181	0.502426115921118	2	"G496S"	"S477N"	"B"	"Pairwise"
"Q498R"	"S477N"	NA	NA	NA	0.0235159820440576	0.047403186112986	0.619838774273222	-0.185795209946638	0.232827174034753	2	"Q498R"	"S477N"	"B"	"Pairwise"
"N501Y"	"S477N"	NA	NA	NA	-0.121906837423826	0.0474063957346515	0.0101302546379879	-0.331232201663092	0.087418526815441	2	"N501Y"	"S477N"	"B"	"Pairwise"
"Y505H"	"S477N"	NA	NA	NA	0.230102314177266	0.0474175282167374	1.22460958479479e-06	0.0207277938941489	0.439476834460383	2	"Y505H"	"S477N"	"B"	"Pairwise"
"E484A"	"T478K"	NA	NA	NA	0.0956978126567766	0.0474138244003385	0.0435641451626202	-0.113660353235656	0.305055978549209	2	"E484A"	"T478K"	"B"	"Pairwise"
"Q493R"	"T478K"	NA	NA	NA	-0.0524006251488929	0.0474033176996801	0.268986755603933	-0.261712398167364	0.156911147869579	2	"Q493R"	"T478K"	"B"	"Pairwise"
"G496S"	"T478K"	NA	NA	NA	-0.0365930501235556	0.0474103399123911	0.440217591466802	-0.245935830081296	0.172749729834185	2	"G496S"	"T478K"	"B"	"Pairwise"
"Q498R"	"T478K"	NA	NA	NA	0.0139089185655332	0.047403678255219	0.769207662939841	-0.195404446504356	0.223222283635422	2	"Q498R"	"T478K"	"B"	"Pairwise"
"N501Y"	"T478K"	NA	NA	NA	0.0474784916673672	0.0474071185627978	0.316591183810767	-0.161850064256537	0.256807047591272	2	"N501Y"	"T478K"	"B"	"Pairwise"
"Y505H"	"T478K"	NA	NA	NA	0.00550921633917567	0.047413769549443	0.907499283618072	-0.203848707356323	0.214867140034675	2	"Y505H"	"T478K"	"B"	"Pairwise"
"Q493R"	"E484A"	NA	NA	NA	-0.17317322421359	0.0474130781869408	0.00026024154254601	-0.382528095162611	0.0361816467354317	2	"Q493R"	"E484A"	"B"	"Pairwise"
"G496S"	"E484A"	NA	NA	NA	0.0314946156468435	0.0474473606857602	0.506836545029389	-0.178011631428567	0.241000862722254	2	"G496S"	"E484A"	"B"	"Pairwise"
"Q498R"	"E484A"	NA	NA	NA	0.0977792442630478	0.0474128629364941	0.0391890624628403	-0.111574676236621	0.307133164762716	2	"Q498R"	"E484A"	"B"	"Pairwise"
"N501Y"	"E484A"	NA	NA	NA	0.0151065724923716	0.0474365449338498	0.750139537446357	-0.194351917077474	0.224565062062217	2	"N501Y"	"E484A"	"B"	"Pairwise"
"Y505H"	"E484A"	NA	NA	NA	0.070100710462907	0.0474804459466073	0.139844593713327	-0.139551626273413	0.279753047199227	2	"Y505H"	"E484A"	"B"	"Pairwise"
"G496S"	"Q493R"	NA	NA	NA	0.0372805532470211	0.0474117340710143	0.431689725076743	-0.172068382689403	0.246629489183445	2	"G496S"	"Q493R"	"B"	"Pairwise"
"Q498R"	"Q493R"	NA	NA	NA	0.0842765806938824	0.0474039218795693	0.0754410941701382	-0.125037860111781	0.293591021499546	2	"Q498R"	"Q493R"	"B"	"Pairwise"
"N501Y"	"Q493R"	NA	NA	NA	0.296833604110539	0.0474069937368098	3.87141147642584e-10	0.0875055993621668	0.506161608858912	2	"N501Y"	"Q493R"	"B"	"Pairwise"
"Y505H"	"Q493R"	NA	NA	NA	-0.116220070738674	0.0474138423460218	0.0142448117687852	-0.325578315871189	0.0931381743938409	2	"Y505H"	"Q493R"	"B"	"Pairwise"
"Q498R"	"G496S"	NA	NA	NA	0.517076082244371	0.0474111457009233	1.22471314885288e-27	0.307729744286167	0.726422420202575	2	"Q498R"	"G496S"	"B"	"Pairwise"
"N501Y"	"G496S"	NA	NA	NA	0.763663889926988	0.0474142496511031	4.23030429501741e-58	0.554303846318062	0.973023933535915	2	"N501Y"	"G496S"	"B"	"Pairwise"
"Y505H"	"G496S"	NA	NA	NA	0.0985165257914926	0.047472019993601	0.0379721243429429	-0.111098605718512	0.308131657301497	2	"Y505H"	"G496S"	"B"	"Pairwise"
"N501Y"	"Q498R"	NA	NA	NA	0.425168794821437	0.0474072721383265	3.1921446393756e-19	0.215839560776934	0.634498028865941	2	"N501Y"	"Q498R"	"B"	"Pairwise"
"Y505H"	"Q498R"	NA	NA	NA	0.514361854882161	0.0474132697502786	2.30077175958978e-27	0.305006138075426	0.723717571688895	2	"Y505H"	"Q498R"	"B"	"Pairwise"
"Y505H"	"N501Y"	NA	NA	NA	0.657051328370122	0.0474167957780551	1.61234389681507e-43	0.447680042207456	0.866422614532788	2	"Y505H"	"N501Y"	"B"	"Pairwise"
"G339D"	"G339D"	NA	NA	NA	NA	0.0467597159479626	0.283843357844788	-0.156355369600684	0.256584463552564	1	NA	NA	"C"	"Pairwise"
"S371L"	"S371L"	NA	NA	NA	NA	0.0467582920942603	0.818652705949302	-0.195742871528714	0.217184387426887	1	NA	NA	"C"	"Pairwise"
"S373P"	"S373P"	NA	NA	NA	NA	0.0467589344525934	0.791081999744527	-0.194079631829088	0.218853299858639	1	NA	NA	"C"	"Pairwise"
"S375F"	"S375F"	NA	NA	NA	NA	0.0467591012626361	0.0250076142107093	-0.101661047942608	0.311273356861664	1	NA	NA	"C"	"Pairwise"
"K417N"	"K417N"	NA	NA	NA	NA	0.0467598000076141	5.19837321936404e-15	-0.572430889512365	-0.15949031401974	1	NA	NA	"C"	"Pairwise"
"N440K"	"N440K"	NA	NA	NA	NA	0.0467584420866776	0.000174215431737838	-0.030921421860781	0.382007161693194	1	NA	NA	"C"	"Pairwise"
"G446S"	"G446S"	NA	NA	NA	NA	0.0467611039811931	2.7274434718006e-08	-0.46645299441478	-0.0535009033981349	1	NA	NA	"C"	"Pairwise"
"S477N"	"S477N"	NA	NA	NA	NA	0.0467579566532937	1.33024561771619e-06	0.0196706175628939	0.432594914205016	1	NA	NA	"C"	"Pairwise"
"T478K"	"T478K"	NA	NA	NA	NA	0.046757223990943	0.74956087902351	-0.191532997443722	0.22138482898226	1	NA	NA	"C"	"Pairwise"
"E484A"	"E484A"	NA	NA	NA	NA	0.046761709193652	0.01353362959068	-0.321959893213162	0.090997542496597	1	NA	NA	"C"	"Pairwise"
"Q493R"	"Q493R"	NA	NA	NA	NA	0.0467578239755369	1.63908773792355e-05	-0.40798189366159	0.00494123128969418	1	NA	NA	"C"	"Pairwise"
"G496S"	"G496S"	NA	NA	NA	NA	0.046760449176977	1.68551815681134e-72	-1.051005974344	-0.638059665970349	1	NA	NA	"C"	"Pairwise"
"Q498R"	"Q498R"	NA	NA	NA	NA	0.0467578971327881	4.87661203019606e-05	-0.396397248885693	0.0165265221247584	1	NA	NA	"C"	"Pairwise"
"N501Y"	"N501Y"	NA	NA	NA	NA	0.046759382399201	3.36911823838739e-14	0.148307991240531	0.561244878790557	1	NA	NA	"C"	"Pairwise"
"Y505H"	"Y505H"	NA	NA	NA	NA	0.0467620649822346	1.47136343667944e-79	-1.09250378451357	-0.679543206798451	1	NA	NA	"C"	"Pairwise"
