mutant	replicate	2000	666.7	222.2	74.0	24.7	8.2	2.7	0.9	0.3	0.1	0.03	0.01
WT	1	1	9	29	47	94	146	217	344	400	398	441	371
WT	1	0	5	23	49	98	164	292	335	452	473	383	427
WT	1	4	7	21	43	97	138	281	342	330	442	434	441
G446S	1	126	175	221	234	252	252	241	235	224	273	243	238
G446S	1	90	139	195	242	231	210	231	233	223	223	248	249
G446S	1	131	169	187	218	243	243	185	226	238	210	228	253
L452Q	1	35	131	296	620	942	1522	2073	2353	2458	2518	2407	2572
L452Q	1	52	124	293	613	1178	1738	2203	2658	2595	2620	2654	2391
L452Q	1	52	156	322	651	1174	1973	2432	2713	2877	2816	2499	2389
L452R	1	3	9	30	37	63	106	175	214	228	244	253	223
L452R	1	4	5	23	32	62	95	158	193	216	219	236	243
L452R	1	2	10	14	57	58	102	171	212	233	253	216	274
N460H	1	2	4	9	44	109	196	462	600	615	678	710	700
N460H	1	0	8	15	41	125	249	446	596	637	704	781	712
N460H	1	1	5	18	38	119	247	490	608	722	701	813	790
F486I	1	2	1	2	11	28	68	141	237	258	262	245	277
F486I	1	0	2	8	14	31	82	161	217	253	293	277	278
F486I	1	0	5	2	6	31	82	129	227	261	264	266	250
F486S	1	1	1	3	5	27	58	140	234	244	236	264	238
F486S	1	1	2	2	9	20	67	146	185	228	261	264	235
F486S	1	1	0	4	7	24	61	152	221	254	240	298	232
F486V	1	2	0	3	9	26	66	106	181	198	197	220	218
F486V	1	0	0	2	2	19	67	120	166	212	205	227	202
F486V	1	1	3	7	12	29	62	118	158	175	201	209	224
F490S	1	1	6	25	54	123	301	526	511	785	908	876	892
F490S	1	4	6	14	59	128	321	553	631	858	941	951	912
F490S	1	1	9	18	49	157	337	619	602	892	981	986	1040
F490P	1	2	5	23	34	120	330	586	796	953	922	932	911
F490P	1	0	5	17	45	128	298	547	759	866	839	801	602
F490P	1	0	3	12	43	122	324	553	698	893	891	727	830
Q498R	1	10	30	106	230	474	1082	1762	2033	2255	2152	2454	2395
Q498R	1	18	49	105	272	544	1128	1789	2007	2381	2255	2515	2363
Q498R	1	5	47	106	261	591	1222	1837	2198	2330	2281	2436	2574
N501Y	1	0	0	1	1	1	9	16	22	27	31	38	36
N501Y	1	0	0	0	2	5	3	8	41	34	30	34	24
N501Y	1	0	0	1	1	3	7	14	17	34	26	27	31
Q498R N501Y	1	5	18	16	39	66	96	185	221	244	309	291	306
Q498R N501Y	1	6	10	20	47	65	120	187	237	314	319	298	265
Q498R N501Y	1	1	12	23	42	58	117	163	288	298	303	315	277
G446S N460H	1	233	352	411	485	550	587	571	594	596	607	551	606
G446S N460H	1	206	317	414	542	553	539	540	524	523	604	548	559
G446S N460H	1	195	339	437	474	534	507	541	542	542	542	572	536
G446S F486I	1	70	143	168	223	211	242	231	203	208	234	219	189
G446S F486I	1	77	137	193	199	215	199	211	229	237	223	210	180
G446S F486I	1	70	112	216	222	225	226	253	244	198	234	234	158
G446S F486V	1	49	115	178	170	170	217	200	178	189	189	167	181
G446S F486V	1	72	146	170	155	201	183	172	154	150	199	189	153
G446S F486V	1	38	104	174	206	195	183	210	154	123	134	164	192
L452Q F490S	1	6	18	58	134	273	475	739	768	784	896	938	927
L452Q F490S	1	5	16	65	149	267	487	672	821	728	923	866	1073
L452Q F490S	1	4	22	61	141	282	422	686	617	701	822	869	970
L452R F490S	1	1	2	11	26	50	80	122	166	193	214	223	245
L452R F490S	1	1	4	18	34	52	107	159	186	220	257	253	186
L452R F490S	1	5	7	21	33	54	98	136	168	214	225	219	204
L452R F490P	1	8	34	94	191	430	744	1284	1392	1693	1702	1767	1536
L452R F490P	1	3	33	97	226	450	838	1318	1362	1678	1781	1714	1545
L452R F490P	1	12	24	97	185	440	850	1418	1472	1625	1812	1732	1594
Epi-20	1	21	20	24	34	31	36	29	29	25	39	49	27
Epi-20	1	14	19	29	32	37	30	33	32	34	41	37	37
Epi-20	1	19	17	29	43	39	33	29	32	27	34	33	46
Epi-21	1	19	39	35	38	28	41	26	38	43	43	47	48
Epi-21	1	8	27	39	31	41	38	28	30	25	30	47	45
Epi-21	1	18	29	27	33	29	33	35	47	31	31	24	35
Epi-22	1	23	27	27	29	23	30	36	29	43	33	28	25
Epi-22	1	24	20	31	22	26	37	32	35	40	36	28	41
Epi-22	1	22	17	27	28	40	30	37	41	25	28	29	37
Epi-23	1	94	195	418	685	1284	2325	3509	4118	4254	4319	4434	4435
Epi-23	1	87	199	427	690	1273	2388	3589	4185	4268	4278	4404	4428
Epi-23	1	85	178	426	676	1289	2391	3501	4101	4266	4316	4415	4424
Epi-25	1	132	280	712	1007	1682	2738	3471	3777	4394	4430	4025	3569
Epi-25	1	151	310	649	1005	1834	2761	3588	3768	4472	4517	4095	4087
Epi-25	1	149	301	654	934	1631	2649	3685	3625	4214	4277	4110	4132
Epi-26	1	120	210	495	803	1233	2278	2928	3696	4052	4191	3930	3781
Epi-26	1	118	259	504	808	1223	2122	2801	3501	3675	3920	3677	3523
Epi-26	1	104	242	515	852	1325	2075	3006	3617	3707	3986	3662	3455
Epi-27	1	142	294	485	800	1282	2192	2705	3282	3646	3645	3474	3420
Epi-27	1	145	263	506	898	1294	2201	2664	3347	3554	3806	3689	3508
Epi-27	1	144	268	513	844	1334	2236	2631	3075	3681	3611	3716	3510
Epi-28	1	100	216	427	737	1219	2138	3024	3593	3899	3941	3680	3937
Epi-28	1	89	220	463	802	1206	2071	3065	3699	3517	3680	3495	3432
Epi-28	1	110	218	484	868	1280	2137	2870	3489	3762	3853	3643	3833
Epi-29	1	69	195	425	776	1121	2148	3053	3579	3784	4010	3651	3677
Epi-29	1	78	194	483	733	1428	2365	3263	3946	4115	4200	3920	3783
Epi-29	1	67	209	431	802	1419	2348	3286	3755	3977	4165	3919	4003
WT	2	0	6	29	61	125	243	380	470	524	571	531	648
WT	2	0	5	25	67	113	228	339	441	512	514	539	542
WT	2	0	6	29	51	102	222	351	426	471	486	521	591
G446S	2	167	222	241	291	287	306	288	279	280	276	272	310
G446S	2	144	223	253	249	258	209	245	266	269	267	235	290
G446S	2	141	209	268	260	269	263	260	265	288	280	261	267
L452Q	2	58	192	349	706	1101	1569	2055	2341	2523	2541	2487	2600
L452Q	2	66	165	352	659	1191	1693	2108	2441	2604	2545	2687	2716
L452Q	2	66	201	351	749	1183	1709	2172	2489	2746	2723	2753	2828
L452R	2	6	14	17	36	92	118	196	216	240	221	237	234
L452R	2	1	9	23	45	76	120	174	180	203	217	245	257
L452R	2	2	8	15	42	72	114	183	178	218	226	236	280
N460H	2	0	14	35	64	140	319	535	711	816	790	768	821
N460H	2	3	6	28	78	154	367	580	682	777	743	802	893
N460H	2	2	11	28	82	149	349	593	723	861	859	824	888
F486I	2	4	3	5	16	38	83	171	240	187	208	281	253
F486I	2	0	0	9	15	24	89	196	218	244	289	240	264
F486I	2	1	4	8	10	37	71	197	249	179	230	260	301
F486S	2	1	1	7	4	20	86	164	230	275	280	296	271
F486S	2	1	2	3	16	23	82	163	264	272	339	274	296
F486S	2	1	2	6	8	32	99	188	276	270	311	286	304
F486V	2	2	1	4	13	44	99	158	202	232	266	246	281
F486V	2	1	4	7	9	28	99	150	171	225	249	244	295
F486V	2	1	4	3	14	28	76	137	175	249	255	232	272
F490S	2	2	5	21	51	154	318	497	694	777	878	852	960
F490S	2	4	9	27	45	121	276	488	671	791	889	909	889
F490S	2	3	4	18	37	141	292	568	740	881	918	924	978
F490P	2	6	5	18	68	115	394	664	768	899	895	974	938
F490P	2	0	7	17	52	87	308	543	704	809	866	913	964
F490P	2	3	4	21	44	89	313	553	687	798	898	912	972
Q498R	2	15	56	123	247	595	1056	1472	2177	2059	2272	2448	2767
Q498R	2	17	39	129	283	652	1145	1590	2215	2153	2129	2304	2571
Q498R	2	15	52	115	276	630	1096	1546	2371	2214	2310	2462	2684
N501Y	2	0	0	0	1	1	7	18	27	29	25	29	49
N501Y	2	0	0	0	2	5	13	15	23	18	25	29	60
N501Y	2	0	0	0	1	3	7	18	20	21	34	32	47
Q498R N501Y	2	6	14	30	56	95	147	227	345	323	347	383	374
Q498R N501Y	2	14	9	37	35	62	126	200	312	355	345	381	383
Q498R N501Y	2	11	16	22	60	74	148	212	292	336	384	372	424
G446S F486I	2	83	170	235	268	240	265	281	288	313	282	302	275
G446S F486I	2	100	187	258	239	259	243	250	282	263	256	280	246
G446S F486I	2	90	162	232	229	257	257	276	286	269	233	251	265
G446S F486V	2	120	172	242	255	242	296	243	278	255	249	267	255
G446S F486V	2	122	165	231	281	265	256	257	295	259	303	246	234
G446S F486V	2	102	196	255	278	277	283	272	244	228	215	292	275
L452Q F490S	2	13	29	89	205	302	579	761	897	998	991	1068	1027
L452Q F490S	2	12	31	98	189	181	618	755	820	901	933	1026	956
L452Q F490S	2	10	38	77	173	171	504	751	747	957	927	1014	984
L452R F490S	2	2	2	16	39	77	124	157	208	223	261	245	239
L452R F490S	2	5	14	18	33	59	116	184	213	217	272	252	212
L452R F490S	2	3	7	12	28	56	98	158	236	257	223	259	244
L452R F490P	2	13	43	123	274	680	1298	1560	2054	2096	2203	2273	2225
L452R F490P	2	15	47	140	373	689	1185	1651	1952	1970	2081	2170	2136
L452R F490P	2	10	36	159	337	637	1112	1553	1855	2255	2162	2120	2187
Epi-20	2	30	21	29	26	43	45	36	42	32	42	33	30
Epi-20	2	37	27	25	35	38	34	29	41	32	42	41	34
Epi-20	2	28	28	29	26	37	34	32	34	43	39	42	31
Epi-21	2	21	25	33	29	33	32	38	29	43	29	26	51
Epi-21	2	27	41	52	36	40	43	51	50	46	50	45	50
Epi-21	2	23	18	21	18	18	22	16	29	19	17	21	26
Epi-22	2	23	18	39	41	21	32	34	26	44	41	41	34
Epi-22	2	26	33	28	33	35	39	34	45	32	37	39	45
Epi-22	2	29	35	36	43	35	36	34	40	42	47	51	34
Epi-23	2	64	150	318	667	1244	2205	3501	4018	4286	4319	4354	4335
Epi-23	2	57	129	327	690	1293	2481	3694	4085	4286	4378	4446	4398
Epi-23	2	65	139	326	635	1279	2291	3411	3901	4066	3816	4035	4414
Epi-25	2	143	348	655	1087	1748	2585	3140	4063	4147	4375	4343	3735
Epi-25	2	177	344	713	1182	1912	2805	3413	4225	4297	4378	4392	4138
Epi-25	2	165	384	759	1182	1850	2859	3575	4261	4522	4433	4537	4251
Epi-26	2	170	286	552	1045	1465	2404	3136	3333	3866	4037	3925	3719
Epi-26	2	151	250	552	837	1410	2226	2992	3384	3567	3630	3553	3557
Epi-26	2	160	270	535	854	1453	2286	2986	3230	3543	3665	3861	3366
Epi-27	2	141	291	532	777	1227	1884	2726	3069	3465	3391	3534	3013
Epi-27	2	175	309	551	780	1387	1970	2695	3313	3510	3491	3826	3376
Epi-27	2	165	322	584	840	1305	1936	2966	3427	3682	3683	3765	3658
Epi-28	2	110	243	553	795	1246	2049	2871	3204	3586	3745	3837	3375
Epi-28	2	102	243	465	759	1173	1803	2546	3216	3303	3477	3504	3348
Epi-28	2	96	253	501	812	1270	1859	2679	3158	3449	3687	3716	3395
Epi-29	2	88	218	462	768	1258	2163	3024	3575	3732	3781	3942	4017
Epi-29	2	99	206	505	801	1352	2301	3083	3578	3832	3855	4004	3921
Epi-29	2	88	208	427	745	1076	2120	3211	3576	3857	3729	4035	3809
WT	3	1	8	23	46	66	153	226	335	340	391	370	419
WT	3	0	8	23	52	97	148	278	340	402	437	426	503
WT	3	0	5	19	44	78	164	289	372	432	452	459	524
G446S	3	143	197	224	227	228	231	221	230	257	261	252	281
G446S	3	111	196	229	242	238	220	233	267	251	277	268	237
G446S	3	132	208	220	240	258	253	236	219	240	269	236	291
L452Q	3	52	152	303	604	973	1614	1985	2159	2396	2504	2448	2641
L452Q	3	51	160	338	575	1083	1533	1968	2375	2386	2536	2464	2689
L452Q	3	52	184	340	656	1185	1643	2070	2258	2515	2500	2467	2840
L452R	3	6	12	30	38	77	141	171	195	248	259	281	259
L452R	3	2	12	27	41	76	145	178	186	246	255	215	275
L452R	3	2	7	18	32	74	125	171	209	239	261	268	256
N460H	3	4	12	28	83	157	307	487	672	788	913	886	984
N460H	3	1	8	35	64	150	297	482	686	749	854	851	894
N460H	3	2	8	33	84	181	347	581	744	907	938	947	1089
F486I	3	1	1	4	15	26	80	157	206	308	329	303	308
F486I	3	0	1	2	8	33	94	177	250	297	292	308	311
F486I	3	1	2	7	17	25	79	154	220	270	255	291	310
F486S	3	0	1	2	11	18	72	140	183	247	216	263	244
F486S	3	1	1	3	18	28	88	153	193	217	239	232	262
F486S	3	1	0	3	10	18	71	160	219	211	213	238	262
F486V	3	2	2	8	12	26	27	100	155	206	209	242	281
F486V	3	1	0	7	17	26	21	70	129	187	244	225	277
F486V	3	2	0	7	8	38	66	64	163	195	196	233	265
F490S	3	1	10	28	67	163	261	493	599	860	875	898	897
F490S	3	2	3	15	60	183	276	447	570	880	916	914	988
F490S	3	0	6	15	81	164	162	459	654	833	917	933	952
F490P	3	2	2	19	55	139	317	509	743	857	859	947	969
F490P	3	1	4	18	43	159	318	459	719	790	820	928	1085
F490P	3	2	5	25	54	131	299	569	772	888	853	926	987
Q498R	3	7	53	140	335	737	1200	1716	2084	2247	2454	2531	3032
Q498R	3	21	48	140	306	752	1246	1833	2135	2470	2734	2707	2920
Q498R	3	16	54	148	343	763	1210	1820	2177	2406	2755	2683	3216
N501Y	3	0	0	0	0	4	4	9	9	9	26	24	38
N501Y	3	0	1	1	1	0	7	8	16	21	24	30	27
N501Y	3	0	0	2	2	4	3	12	14	20	25	27	27
Q498R N501Y	3	10	15	21	30	62	92	146	211	297	297	287	280
Q498R N501Y	3	4	11	20	47	79	97	175	262	256	322	324	347
Q498R N501Y	3	9	7	24	47	78	117	170	266	298	296	326	356
G446S F486I	3	65	184	232	269	286	258	269	261	262	296	250	264
G446S F486I	3	82	193	242	256	248	235	248	235	259	241	270	230
G446S F486I	3	107	189	237	256	263	274	261	261	266	248	275	266
G446S F486V	3	138	220	288	293	315	290	292	306	329	322	282	287
G446S F486V	3	141	180	300	303	309	286	301	283	314	282	280	277
G446S F486V	3	123	208	317	263	262	249	246	320	278	277	281	264
L452Q F490S	3	9	29	89	180	357	594	874	938	991	1016	1086	1035
L452Q F490S	3	11	27	88	182	358	593	794	905	990	980	1028	950
L452Q F490S	3	7	18	81	205	341	498	925	950	994	907	1046	923
L452R F490S	3	0	5	13	29	72	110	177	184	216	243	278	228
L452R F490S	3	1	3	19	39	87	126	204	249	284	285	272	219
L452R F490S	3	1	9	19	32	55	102	173	187	266	224	248	195
L452R F490P	3	12	36	140	286	590	1123	1643	2013	2189	2258	2503	2433
L452R F490P	3	13	50	150	344	690	1102	1636	2065	1938	2181	2122	2223
L452R F490P	3	13	56	163	362	696	1186	1817	2079	2099	2297	2316	2202
G446S N460H Q498R N501Y	3	24	27	36	33	38	41	36	39	40	56	33	41
G446S N460H Q498R N501Y	3	26	20	42	28	35	36	36	47	29	54	56	33
G446S N460H Q498R N501Y	3	22	40	30	41	45	37	54	39	34	58	45	35
G446S F486I Q498R N501Y	3	25	31	25	28	31	44	39	45	40	40	36	40
G446S F486I Q498R N501Y	3	27	23	27	41	44	41	31	39	42	34	39	36
G446S F486I Q498R N501Y	3	17	36	36	45	26	38	46	27	44	39	35	37
G446S F486V Q498R N501Y	3	24	29	32	30	30	29	39	32	34	33	40	50
G446S F486V Q498R N501Y	3	26	23	26	35	32	48	36	32	44	45	29	39
G446S F486V Q498R N501Y	3	39	40	35	45	52	36	36	35	45	44	54	48
F486V Q498R N501Y	3	90	210	471	849	1524	2693	3905	4724	4831	5117	5090	5063
F486V Q498R N501Y	3	86	196	441	863	1548	2576	3704	4699	4794	4845	4736	5017
F486V Q498R N501Y	3	82	183	435	854	1599	2755	4053	4734	4694	5119	4976	4997
L452Q F490S Q498R N501Y	3	162	327	652	1069	1811	2729	3629	4005	4407	4526	4383	4497
L452Q F490S Q498R N501Y	3	180	310	713	1073	1804	2695	3179	4238	4187	4233	4356	4550
L452Q F490S Q498R N501Y	3	196	386	741	1268	1907	2823	3528	4082	4532	4533	4419	4614
L452R F490S Q498R N501Y	3	130	271	601	995	1518	2268	3444	3921	3988	4070	4017	4256
L452R F490S Q498R N501Y	3	162	302	614	1010	1476	2390	3504	3859	3864	3952	4097	4389
L452R F490S Q498R N501Y	3	148	258	547	905	1391	2335	3351	4338	4100	4070	4129	4329
L452R Q498R N501Y 	3	206	327	603	962	1427	2412	3189	3955	4020	3963	3979	4228
L452R Q498R N501Y 	3	198	325	601	893	1386	2322	3159	3837	3973	3906	3942	4100
L452R Q498R N501Y 	3	240	323	628	1031	1414	2333	2953	3757	4010	3906	3728	3960
L452R F490P Q498R N501Y	3	107	246	506	854	1223	2148	2815	3684	3723	3954	3923	3689
L452R F490P Q498R N501Y	3	116	234	485	819	1282	2147	2925	3793	3673	3899	3710	3853
L452R F490P Q498R N501Y	3	130	233	490	874	1161	2240	3034	3784	3583	3840	3928	3702
F490P Q498R N501Y	3	69	216	433	758	1167	2451	3185	4002	4012	4238	3930	4056
F490P Q498R N501Y	3	96	218	490	795	1241	2169	3062	4013	3623	4151	3722	3597
F490P Q498R N501Y	3	82	230	490	877	1193	2257	3090	3474	3354	3730	3527	3752
