mutant	replicate	1	3	9	27	81	243
WT	1	1509	484	176			
WT	1	1584	486	121			
WT	1	1586	512	165			
Epi-01	1	921	278	90			
Epi-01	1	913	296	82			
Epi-01	1	939	362	91			
Epi-02	1			934	352	110	
Epi-02	1			927	329	131	
Epi-02	1			918	321	120	
Epi-03	1	1010	327	99			
Epi-03	1	1070	330	113			
Epi-03	1	980	332	101			
Epi-04	1		996	309	88		
Epi-04	1		936	309	108		
Epi-04	1		953	313	89		
Epi-05	1	980	422	126			
Epi-05	1	1027	381	155			
Epi-05	1	882	349	114			
Epi-06	1	1011	410	137			
Epi-06	1	1029	385	140			
Epi-06	1	1006	423	154			
Epi-07	1	954	331	110			
Epi-07	1	1068	304	117			
Epi-07	1	1013	370	145			
Epi-08	1		1009	335	120		
Epi-08	1		1096	346	136		
Epi-08	1		1052	385	114		
Epi-09	1		1092	410	117		
Epi-09	1		1090	365	142		
Epi-09	1		1224	318	92		
Epi-10	1			883	355	133	
Epi-10	1			902	299	135	
Epi-10	1			834	289	113	
Epi-11	1	63	69	24			
Epi-11	1	77	57	20			
Epi-11	1	81	48	16			
Epi-12	1	944	291	111			
Epi-12	1	892	237	55			
Epi-12	1	829	237	79			
Epi-13	1		905	274	109		
Epi-13	1		927	298	73		
Epi-13	1		924	259	108		
Epi-14	1	845	386	109			
Epi-14	1	828	349	91			
Epi-14	1	944	347	103			
Epi-15	1	47	7	4			
Epi-15	1	13	6	3			
Epi-15	1	104	4	3			
Epi-16	1	670	355	92			
Epi-16	1	827	377	128			
Epi-16	1	780	301	113			
Epi-17	1		979	304	104		
Epi-17	1		1016	269	93		
Epi-17	1		908	304	94		
Epi-18	1	768	245	70			
Epi-18	1	759	246	92			
Epi-18	1	822	239	72			
Epi-19	1			859	310	82	
Epi-19	1			895	255	118	
Epi-19	1			775	264	95	
Epi-20	1	76	40	14			
Epi-20	1	78	26	5			
Epi-20	1	92	36	17			
Epi-21	1	95	23	3			
Epi-21	1	92	32	9			
Epi-21	1	80	33	12			
Epi-22	1	99	32	7			
Epi-22	1	115	39	9			
Epi-22	1	122	44	10			
Epi-23	1				1888	822	333
Epi-23	1				1814	743	331
Epi-23	1				1772	718	288
Epi-24	1	28	21	9			
Epi-24	1	21	23	9			
Epi-24	1	28	19	5			
Epi-25	1				767	284	128
Epi-25	1				775	249	124
Epi-25	1				813	254	126
Epi-26	1			1906	716	228	
Epi-26	1			1884	741	265	
Epi-26	1			1965	720	253	
Epi-27	1			1834	717	217	
Epi-27	1			1733	597	241	
Epi-27	1			1760	640	207	
Epi-28	1			1799	610	162	
Epi-28	1			1937	657	233	
Epi-28	1			1912	649	253	
Epi-29	1				833	280	96
Epi-29	1				811	262	98
Epi-29	1				689	182	45
WT	2	1501	452	176			
WT	2	1518	425	131			
WT	2	1405	467	124			
Epi-01	2	758	233	85			
Epi-01	2	688	242	74			
Epi-01	2	708	231	84			
Epi-02	2			957	411	144	
Epi-02	2			812	330	123	
Epi-02	2			930	343	119	
Epi-03	2	759	204	84			
Epi-03	2	732	185	62			
Epi-03	2	707	234	90			
Epi-04	2	1821	657	235			
Epi-04	2	1813	699	222			
Epi-04	2	1695	645	210			
Epi-05	2	556	253	67			
Epi-05	2	521	203	54			
Epi-05	2	518	265	89			
Epi-06	2	509	190	75			
Epi-06	2	470	232	61			
Epi-06	2	665	227	61			
Epi-07	2	708	260	84			
Epi-07	2	719	263	91			
Epi-07	2	750	277	96			
Epi-08	2	1835	650	205			
Epi-08	2	1635	719	155			
Epi-08	2	1682	634	199			
Epi-09	2	1267	742	188			
Epi-09	2	1368	679	201			
Epi-09	2	1304	676	212			
Epi-10	2			714	273	95	
Epi-10	2			730	265	97	
Epi-10	2			734	270	96	
Epi-11	2	70	30	7			
Epi-11	2	89	31	10			
Epi-11	2	58	15	6			
Epi-12	2	852	292	94			
Epi-12	2	822	277	91			
Epi-12	2	745	254	81			
Epi-13	2	1442	790	238			
Epi-13	2	1561	758	278			
Epi-13	2	1470	732	230			
Epi-14	2	594	238	70			
Epi-14	2	598	229	70			
Epi-14	2	558	184	75			
Epi-15	2	40	4	0			
Epi-15	2	65	3	3			
Epi-15	2	87	4	4			
Epi-16	2	562	213	65			
Epi-16	2	531	228	72			
Epi-16	2	447	215	73			
Epi-17	2	1419	643	163			
Epi-17	2	1671	698	237			
Epi-17	2	1483	745	197			
Epi-18	2	482	139	47			
Epi-18	2	518	163	54			
Epi-18	2	509	171	66			
Epi-19	2		1485	497	157		
Epi-19	2		1666	541	185		
Epi-19	2		1712	509	155		
Epi-20	2	58	19	5			
Epi-20	2	85	39	12			
Epi-20	2	66	32	3			
Epi-21	2	63	29	8			
Epi-21	2	71	30	7			
Epi-21	2	70	27	3			
Epi-22	2	93	47	11			
Epi-22	2	105	20	11			
Epi-22	2	72	34	9			
Epi-23	2			1852	603	195	
Epi-23	2			1935	646	242	
Epi-23	2			1661	658	193	
Epi-24	2	21	20	8			
Epi-24	2	23	17	5			
Epi-24	2	15	18	12			
Epi-25	2			1491	517	207	
Epi-25	2			1722	623	207	
Epi-25	2			1556	570	212	
Epi-26	2			1289	460	146	
Epi-26	2			1061	351	138	
Epi-26	2			1067	398	110	
Epi-27	2			1259	363	144	
Epi-27	2			1172	358	128	
Epi-27	2			891	360	127	
Epi-28	2			1122	355	130	
Epi-28	2			1153	356	126	
Epi-28	2			1244	393	118	
Epi-29	2			1447	479	161	
Epi-29	2			1330	504	198	
Epi-29	2			1330	363	177	
WT	3	1304	439	113			
WT	3	1302	406	132			
WT	3	1294	432	146			
Epi-01	3	735	237	73			
Epi-01	3	709	228	71			
Epi-01	3	711	235	71			
Epi-02	3			1108	377	112	
Epi-02	3			1098	381	145	
Epi-02	3			1009	375	129	
Epi-03	3	717	211	78			
Epi-03	3	839	275	89			
Epi-03	3	869	230	74			
Epi-04	3		1212	409	105		
Epi-04	3		1266	376	129		
Epi-04	3		1121	368	108		
Epi-05	3	714	268	88			
Epi-05	3	728	253	82			
Epi-05	3	691	289	65			
Epi-06	3	781	280	112			
Epi-06	3	791	263	103			
Epi-06	3	717	284	77			
Epi-07	3	670	254	84			
Epi-07	3	733	253	89			
Epi-07	3	755	231	92			
Epi-08	3		848	272	108		
Epi-08	3		812	251	80		
Epi-08	3		1053	287	100		
Epi-09	3	1571	935	329			
Epi-09	3	1685	832	282			
Epi-09	3	1727	911	306			
Epi-10	3			914	317	117	
Epi-10	3			827	306	72	
Epi-10	3			806	282	90	
Epi-11	3	83	36	8			
Epi-11	3	86	29	5			
Epi-11	3	86	30	6			
Epi-12	3	751	301	100			
Epi-12	3	739	311	87			
Epi-12	3	774	359	96			
Epi-13	3		872	298	105		
Epi-13	3		916	273	98		
Epi-13	3		901	284	101		
Epi-14	3	759	306	113			
Epi-14	3	816	318	99			
Epi-14	3	760	281	100			
Epi-15	3	197	5	2			
Epi-15	3	191	1	3			
Epi-15	3	195	6	2			
Epi-16	3	689	274	93			
Epi-16	3	658	280	90			
Epi-16	3	577	259	93			
Epi-17	3		841	247	120		
Epi-17	3		790	267	93		
Epi-17	3		937	262	91		
Epi-18	3	861	297	98			
Epi-18	3	791	317	107			
Epi-18	3	889	294	107			
Epi-19	3			728	238	82	
Epi-19	3			758	250	106	
Epi-19	3			755	252	82	
Epi-20	3	59	30	14			
Epi-20	3	82	29	7			
Epi-20	3	60	35	9			
Epi-21	3	62	25	8			
Epi-21	3	50	24	14			
Epi-21	3	65	29	7			
Epi-22	3	77	42	8			
Epi-22	3	90	27	8			
Epi-22	3	92	17	10			
Epi-23	3				652	207	96
Epi-23	3				660	269	111
Epi-23	3				745	268	113
Epi-24	3	30	11	9			
Epi-24	3	25	19	11			
Epi-24	3	29	12	6			
Epi-25	3			1945	685	243	
Epi-25	3			1872	602	243	
Epi-25	3			1998	685	268	
Epi-26	3			1427	619	197	
Epi-26	3			1551	498	154	
Epi-26	3			1508	517	194	
Epi-27	3			1461	552	180	
Epi-27	3			1171	434	151	
Epi-27	3			1226	480	183	
Epi-28	3			1440	542	174	
Epi-28	3			1580	572	183	
Epi-28	3			1353	508	216	
Epi-29	3			1651	649	224	
Epi-29	3			1711	602	209	
Epi-29	3			1704	611	236	
